Município,Código,Gentílico,Prefeito [2017],Área Territorial - km2 [2020],População estimada - pessoas [2021],Densidade demográfica - hab/km2 [2010],Escolarização 6 a 14 anos % [2010],IDHM Índice de desenvolvimento humano municipal [2010],Mortalidade infantil - óbitos por mil nascidos vivos [2019],Receitas realizadas - R$ (X1000) [2017],Despesas empenhadas - R$ (X1000) [2017],PIB per capita - R$ [2018],
Abaiara,2300101,abaiarense,AFONSO TAVARES LEITE,180.833,11965,58.69,96.7,0.628,6.85,29043.96353,26827.90366,7360.50,
Acarape,2300150,acarapense,FRANCISCO EDILBERTO BESERRA BARROSO,130.002,15140,98.52,96.8,0.606,18.6,38762.5354,36800.46805,8075.56,
Acaraú,2300200,acarauense,ANA FLÁVIA RIBEIRO MONTEIRO,842.471,63556,68.31,96.8,0.601,14.88,132656.38793,109899.29715,8932.85,
Acopiara,2300309,acopiarense,ANTÔNIO ALMEIDA NETO,2254.279,54687,22.58,97.2,0.595,6.63,153148.70946,125356.16693,7038.21,
Aiuaba,2300408,aiuabense,RAMILSON ARAUJO MORAES,2438.563,17584,6.66,97.5,0.569,11.43,37794.63071,33776.93227,6424.51,
Alcântaras,2300507,alcantarense,JOAQUIM FREIRE CARVALHO,135.760,11846,77.71,97.7,0.600,6.76,28047.7779,28990.81921,6506.65,
Altaneira,2300606,altaneirense,FRANCISCO DARIOMAR RODRIGUES SOARES,72.675,7712,93.54,95.7,0.602,-,31688.0261,24034.7098,6606.64,
Alto Santo,2300705,alto-santense,JOSE JOENI HOLANDA DE ARAUJO,1345.701,16077,12.22,96.5,0.601,5.62,40704.75209,35934.2694,8908.98,
Amontada,2300754,amontadense,FLAVIO CESAR BRUNO TEIXEIRA FILHO,1175.044,44195,33.27,97,0.606,8.58,104596.02325,100940.29595,10090.68,
Antonina do Norte,2300804,antonino ou antoninense,ANTONIO ROSENO FILHO,259.706,7402,26.85,95.7,0.599,9.71,21091.60042,19508.59033,7290.20,
Apuiarés,2300903,apuiareense,IRIS MARIA CRUZ DE LIMA,543.980,14742,25.54,98.6,0.618,11.11,43151.1677,36822.04468,6805.10,
Aquiraz,2301000,aquirazense,BRUNO BARROS GONÇALVES,480.236,81581,150.50,96.5,0.641,8.41,244006.6155,197501.39598,24630.33,
Aracati,2301109,aracatiense,BISMARCK COSTA LIMA PINHEIRO MAIA,1227.197,75392,56.32,98.5,0.655,1.96,227561.34007,185621.26216,15210.71,
Aracoiaba,2301208,aracoiabense,THIAGO CAMPELO NOGUEIRA,643.988,26600,38.67,96.5,0.615,8,66969.90402,70353.85927,7457.75,
Ararendá,2301257,ararendaense,ALEXANDRE FELIX DUTRA,342.301,10983,30.49,98.9,0.590,40.27,30233.21546,28244.06253,7162.31,
Araripe,2301307,araripense,CICERO FERREIRA DA SILVA,1097.339,21707,18.81,96.3,0.564,10.93,69217.32083,59671.85451,6724.70,
Aratuba,2301406,aratubano,JOERLY RODRIGUES VICTOR,119.758,11759,100.44,97,0.622,28.41,49123.73328,31633.95958,11444.89,
Arneiroz,2301505,arneirozense,ANTÔNIO MONTEIRO PEDROSA FILHO,1068.437,7848,7.17,97.6,0.618,26.32,11.50649,20466.42208,6907.11,
Assaré,2301604,assareense,JOSE LIBORIO LEITE NETO,1155.124,23537,20.11,96.6,0.600,3.36,52234.57079,42903.24791,6947.09,
Aurora,2301703,aurorense,MARCONE TAVARES DE LUNA,885.870,24567,27.73,97.9,0.605,3.12,52517.28398,46765.06558,7511.26,
Baixio,2301802,baixiense,JOSÉ HUMBERTO MOURA RAMALHO,145.556,6318,41.15,97.9,0.627,14.93,23630.68618,21367.08949,9141.29,
Banabuiú,2301851,banabuiense,FRANCISCO HERMES NOBRE,1080.986,18313,16.03,98,0.606,26.52,46068.89785,42192.55666,8874.99,
Barbalha,2301901,barbalhense,GUILHERME SAMPAIO SARAIVA,608.158,61662,97.14,98.3,0.683,15.08,243774.85895,227251.72162,14320.84,
Barreira,2301950,barreirense,ANTONIO ALAILSON OLIVEIRA SALDANHA,260.003,22715,79.63,97.8,0.616,18.13,49562.61395,44585.4676,6958.94,
Barro,2302008,barrense,JOSÉ MARQUINÉLIO TAVARES,711.346,22834,30.22,97.1,0.599,21.46,41340.96125,39319.66277,7674.21,
Barroquinha,2302057,barroquinhense,JAIME VERAS SILVA FILHO,385.583,15069,37.76,97.9,0.571,18.26,39700.27383,35936.40334,6662.58,
Baturité,2302107,baturiteense,HERBERLH FREITAS REIS CAVALCANTE MOTA,314.075,36127,107.98,95.9,0.619,12.89,74220.66741,67628.88549,9114.77,
Beberibe,2302206,beberibense,MICHELE CARIELLO DE SÁ QUEIROZ ROCHA,1596.751,54315,30.37,98.2,0.638,11.4,119759.00352,114373.58263,13744.68,
Bela Cruz,2302305,bela-cruzense,JOSE OTACILIO DE MORAIS NETO,842.106,32851,36.63,98.9,0.623,16.39,54874.52308,54813.93035,7322.64,
Boa Viagem,2302404,boa-viagense,JOSE CARNEIRO DANTAS FILHO,2835.037,54680,18.51,97.6,0.598,17.86,103721.3768,98299.87318,7031.15,
Brejo Santo,2302503,brejo-santense,MARIA GISLAINE SANTANA SAMPAIO LANDIM,654.658,50195,68.12,92.5,0.647,15.04,170601.2427,147722.76868,10248.61,
Camocim,2302602,camocimense,MARIA ELIZABETE MAGALHAES,1120.452,64147,53.48,97.8,0.620,15.78,184054.11674,163720.78207,9005.04,
Campos Sales,2302701,campos-salense,JOÃO LUIZ LIMA SANTOS,1082.582,27513,24.48,98.3,0.630,19.05,72422.3074,64018.70805,6896.85,
Canindé,2302800,canindeense,MARIA DO ROSÁRIO ARAÚJO PEDROSA XIMENES,3032.390,77484,23.14,97.5,0.612,11.47,208998.68705,198932.36748,8106.88,
Capistrano,2302909,capistranense,ANTONIO SOARES SARAIVA JUNIOR,226.549,17830,76.67,96.3,0.611,20,44410.43366,47389.11605,9827.07,
Caridade,2303006,caridadense,MARIA AMANDA LOPES COSTA,926.271,23011,23.65,97.3,0.592,10.83,42361.98869,44059.92572,5631.24,
Cariré,2303105,carireense,ANTONIO RUFINO MARTINS,755.597,18470,24.24,97.9,0.596,4.1,51159.84298,45628.31527,8062.68,
Caririaçu,2303204,caririaçuense,JOSÉ EDMILSON LEITE BARBOSA,634.179,27008,42.33,96.1,0.578,15.28,59523.756,55442.10147,7476.01,
Cariús,2303303,cariuense,ANTONIO WILAMAR PALACIO DE OLIVEIRA,1036.417,18700,17.49,97.1,0.597,9.85,43117.00843,38533.8984,7267.16,
Carnaubal,2303402,carnaubalense,JOSE WELITON SOUZA LEITE,363.220,17763,45.90,97.1,0.593,11.28,44400.99881,39292.32944,6609.89,
Cascavel,2303501,cascavelense,TIAGO LUTIANI OLIVEIRA RIBEIRO,838.115,72706,78.99,96.7,0.646,12.09,157576.13841,146954.71201,10317.32,
Catarina,2303600,catarinense,THIAGO PAES DE ANDRADE RODRIGUES,488.153,21041,38.50,94.3,0.618,32.97,48412.85619,40082.53852,5797.02,
Catunda,2303659,catundense,RAVENNA FERNANDES GOMES MESQUITA LIMA,784.022,10410,12.59,98.7,0.609,9.01,30300.18724,29143.06431,7723.10,
Caucaia,2303709,caucaiense,VITOR PEREIRA VALIM,1223.246,368918,264.91,96.3,0.682,12.91,629854.17239,567292.53099,13944.16,
Cedro,2303808,cedrense,JOÃO BATISTA DINIZ,729.970,25612,33.79,97.5,0.627,12.54,73911.85398,51532.51825,7130.37,
Chaval,2303907,chavalense,SEBASTIÃO SOTERO VERAS,237.248,13112,52.95,97.4,0.586,4.93,28808.14599,30309.62554,6202.22,
Choró,2303931,choroense,MARCONDES DE HOLANDA JUCÁ,815.268,13608,15.76,97.2,0.585,11.9,39483.61716,32665.65548,5914.35,
Chorozinho,2303956,chorozinhense,FRANCISCO DE CASTRO MENEZES JÚNIOR,296.431,20286,67.94,97.4,0.604,9.62,53830.39622,47230.75267,18237.69,
Coreaú,2304004,coreauense,JOSE EDEZIO VAZ DE SOUZA,750.332,23340,28.30,97.5,0.610,9.9,51937.11674,47475.59126,6233.80,
Crateús,2304103,crateuense,MARCELO FERREIRA MACHADO,2981.459,75241,24.39,97.5,0.644,19.09,140243.49492,139963.52378,9105.67,
Crato,2304202,cratense,JOSÉ AILTON DE SOUSA BRASIL,1138.150,133913,103.21,97.8,0.713,18.08,263007.65557,226354.59361,10262.41,
Croatá,2304236,croataense,RONILSON FRANCISCO DE OLIVEIRA,696.348,18201,24.49,97.4,0.590,18.87,44431.21556,43136.46883,7696.46,
Cruz,2304251,cruzense,JOÃO MUNIZ SOBRINHO,335.921,25121,68.13,98.5,0.632,4.02,66832.45706,53862.87242,8946.00,
Deputado Irapuan Pinheiro,2304269,irapuense,FRANCISCO GILDECARLOS PINHEIRO,471.134,9698,19.33,99.3,0.609,11.49,28587.71263,24445.95004,6413.75,
Ereré,2304277,erereense,FRANCISCO OTONI DE QUEIROZ MOURA,362.906,7254,17.87,98,0.610,117.65,20139.95203,19068.06015,6983.79,
Eusébio,2304285,eusebiano,ACILON GONÇALVES PINTO JUNIOR,78.818,55035,582.66,98.3,0.701,15.47,281098.31547,251597.09476,46830.08,
Farias Brito,2304301,farias-britense,FRANCISCO AUSTRAGEZIO SALES,530.540,19330,37.74,99.3,0.633,11.24,51471.39926,44726.55491,8195.13,
Forquilha,2304350,forquilhense,EDINARDO RODRIGUES FILHO,568.778,24680,42.14,96.4,0.644,12.23,59852.25615,55357.41569,7698.67,
Fortaleza,2304400,fortalezense,JOSÉ SARTO NOGUEIRA MOREIRA,312.353,2703391,7786.44,96.1,0.754,11.67,6810527.06948,6525657.82435,25356.73,
Fortim,2304459,fortinense,NASELMO DE SOUSA FERREIRA,285.024,16776,53.15,97.5,0.624,10.15,46215.46717,41449.76087,9806.29,
Frecheirinha,2304509,frecheirinhense,HELTON LUIS AGUIAR JUNIOR,210.284,14195,71.68,97.8,0.604,22.81,44426.33149,38675.59321,18393.96,
General Sampaio,2304608,sampaiense,FRANCISCO CORDEIRO MOREIRA,230.371,7767,30.21,96.2,0.568,9.17,24583.97795,25385.03992,8336.85,
Graça,2304657,gracense,MARIA IRALDICE DE ALCÂNTARA,258.942,14415,53.39,99.1,0.570,5.88,50466.39062,45677.84743,6616.29,
Granja,2304707,granjense,JULIANA FROTA LOPES DE ALDIGUERI ARRUDA,2663.174,55170,19.52,94.7,0.559,9.85,107204.79999,106091.78735,6692.40,
Granjeiro,2304806,granjeirense,FRANCISCO CLEMENTINO DE ALMEIDA,111.528,4784,46.23,98.8,0.585,-,16.63519,16804.48543,9503.61,
Groaíras,2304905,groairense,ADAIL ALBUQUERQUE MELO,155.681,11219,65.59,97.9,0.633,6.1,30387.53255,28903.84396,7025.19,
Guaiúba,2304954,guaiubano,IZABELLA MARIA FERNANDES DA SILVA,256.053,26508,90.19,94.2,0.617,11.94,55147.27488,51598.99584,7684.11,
Guaraciaba do Norte,2305001,guaraciabense,ANTONIO ADAIL MACHADO CASTRO,624.606,40921,61.78,97.7,0.609,18.76,105405.88413,90370.30516,11978.47,
Guaramiranga,2305100,guaramiranguense,ROBERLANDIA FERREIRA CASTELO BRANCO,90.817,5073,70.06,97.6,0.637,14.93,32183.19369,20840.76729,16087.25,
Hidrolândia,2305209,hidrolandense,IRES MOURA OLIVEIRA,926.587,20126,19.99,98,0.597,3.92,40945.08241,37985.57052,7036.69,
Horizonte,2305233,horizontino,MANOEL GOMES DE FARIAS NETO,160.557,69688,344.96,97.1,0.658,4.1,193783.1808,175778.48186,25783.29,
Ibaretama,2305266,ibaretamense,ELIRIA MARIA FREITAS DE QUEIROZ,879.255,13385,14.73,95.4,0.577,9.85,28682.80626,28828.38628,7090.65,
Ibiapina,2305308,ibiapinense,MARCOS ANTONIO DA SILVA LIMA,414.092,25165,57.38,98.5,0.608,7.98,51973.94305,46606.54475,11277.09,
Ibicuitinga,2305332,ibicuitinguense,FRANCISCO JOSÉ MAGALHÃES CARNEIRO,423.856,12730,26.72,97.9,0.606,-,32884.86905,28419.81875,7109.47,
Icapuí,2305357,icapuiense,RAIMUNDO LACERDA FILHO,421.440,20183,43.43,96.8,0.616,16.33,93890.53522,82328.16553,17060.80,
Icó,2305407,icoense,ANA LAÍS PEIXOTO CORREIA NUNES,1865.862,68303,34.97,96.7,0.606,6.72,121888.3251,120450.04181,8126.78,
Iguatu,2305506,iguatuense,EDNALDO DE LAVOR COURAS,992.208,103633,93.76,96.8,0.677,8.77,217787.90904,200741.43321,15624.21,
Independência,2305605,independenciano,JOSE VALDI COUTINHO,3222.381,26196,7.95,97.6,0.632,22.47,50895.19251,47668.2617,8950.81,
Ipaporanga,2305654,ipaporanguense,ANTONIO AMARO PEREIRA OLIVEIRA,704.773,11597,16.16,97.2,0.579,-,31035.32593,31543.55553,6478.06,
Ipaumirim,2305704,ipaumirinense,WILSON ALVES DE FREITAS,276.508,12507,43.86,96.7,0.606,6.8,26749.06499,26533.50603,9122.59,
Ipu,2305803,ipuense,ROBERIO WAGNER MARTINS MOREIRA,626.049,42148,64.03,97.3,0.618,8.94,95058.00809,85477.94975,9341.60,
Ipueiras,2305902,ipueirense,FRANCISCO SOUTO DE VASCONCELOS JÚNIOR,1483.258,38064,25.63,98.1,0.573,10.35,85184.00785,78943.66079,6430.39,
Iracema,2306009,iracemense,CELSO GOMES DA SILVA NETO,839.174,14351,16.71,98,0.652,5.65,43144.92393,43284.80094,9756.96,
Irauçuba,2306108,irauçubense,PATRÍCIA MARIA SANTOS BARRETO,1466.412,24450,15.28,95.2,0.605,11.11,57618.57886,51199.17333,6665.39,
Itaiçaba,2306207,itaiçabense,FRANK GOMES FREITAS,213.604,7904,34.49,99.5,0.656,21.74,24405.74731,21829.31688,8245.31,
Itaitinga,2306256,Itaitinguense,PAULO CESAR FEITOSA ARRAIS,153.686,38661,236.51,91.4,0.626,7.43,100395.80561,91053.8776,17804.80,
Itapajé,2306306,itapajeense,MARIA GORETE BARROSO MAGALHAES CAETANO,432.188,53448,110.01,97.1,0.623,5.13,113391.49212,101400.18181,10664.27,
Itapipoca,2306405,itapipoquense,FELIPE SOUZA PINHEIRO,1600.358,131687,71.90,97.9,0.640,9.52,268626.66471,239926.54933,12863.49,
Itapiúna,2306504,itapiunense,FRANCISCO DÁRIO DE OLIVEIRA COELHO,593.231,20653,31.64,95.3,0.604,22.52,65456.73673,45448.28476,6523.57,
Itarema,2306553,itaremense,ELIZEU CHARLES MONTEIRO,714.833,42595,52.00,96.6,0.606,14.06,100102.24161,93239.96143,17804.20,
Itatira,2306603,itatirense,JOSÉ FERREIRA MATEUS,829.626,22018,24.12,97.6,0.562,15.24,76025.83975,60600.42204,5888.14,
Jaguaretama,2306702,jaguaretamense,FRANCISCO GLAIRTON RABELO CUNHA,1826.826,18133,10.15,96.7,0.612,18.6,49201.83037,35976.64248,8548.15,
Jaguaribara,2306801,jaguaribarense,JOACY ALVES DOS SANTOS JUNIOR,622.963,11580,15.55,97.4,0.618,13.99,28167.84306,26656.01281,11343.44,
Jaguaribe,2306900,jaguaribano,ALEXANDRE GOMES DIOGENES,1877.062,34592,18.33,96.4,0.621,15.25,85507.21442,82644.15907,16763.71,
Jaguaruana,2307007,jaguaruanense,ROBERTO BARBOSA MOREIRA,854.362,33960,37.16,98.4,0.624,10.81,69049.41624,69046.51936,11683.11,
Jardim,2307106,jardinense,ANIZIARIO JORGE COSTA,544.980,27187,48.31,98.4,0.614,4.82,58468.86665,52203.50615,7529.39,
Jati,2307205,jatiense,MONICA ROSANY PEREIRA MARIANO,368.359,8150,21.21,98.1,0.651,15.15,32089.96358,28222.35564,12184.14,
Jijoca de Jericoacoara,2307254,jijoquense,LINDBERGH MARTINS,209.029,20351,83.02,98.8,0.652,14.39,62313.16657,60923.78966,17740.75,
Juazeiro do Norte,2307304,juazeirense,GLÊDSON LIMA BEZERRA,258.788,278264,1004.45,97.3,0.694,12.51,672950.28823,522709.24412,17725.62,
Jucás,2307403,jucaense,JOSE EDSONRIVA SOUZA CUNHA,940.336,24949,25.40,97.5,0.598,19.74,55718.34201,53527.80103,9024.13,
Lavras da Mangabeira,2307502,lavrense ou lavraense,RONALDO PEDROSA LIMA,945.263,31476,32.80,97.2,0.613,17.14,67220.81129,56816.99038,8139.37,
Limoeiro do Norte,2307601,limoeirense,JOSÉ MARIA DE OLIVEIRA LUCENA,744.525,60232,74.91,98,0.682,16.44,115645.24638,106746.35266,15961.09,
Madalena,2307635,madalenense,MARIA SÔNIA DE OLIVEIRA COSTA,997.781,20031,17.48,98.3,0.610,5.05,41301.98044,39124.62753,6435.63,
Maracanaú,2307650,maracanauense,ROBERTO SOARES PESSOA,105.071,230986,1960.25,97.4,0.686,8.36,724429.98265,657108.09501,46240.54,
Maranguape,2307700,maranguapense,ATILA CORDEIRO CAMARA,583.505,131677,192.19,94.9,0.659,11.87,197385.57777,193904.06851,11788.59,
Marco,2307809,marquense,ROGER NEVES AGUIAR,573.610,27822,43.03,97.4,0.612,13.11,64664.2363,57587.68763,11895.32,
Martinópole,2307908,martinolopolitano ou martinolopense,FRANCISCO FONTENELE JUNIOR,303.445,11407,34.16,97.8,0.599,5.81,30155.02181,29615.54391,6793.18,
Massapê,2308005,massapeense,ALINE AGUIAR ALBUQUERQUE,567.780,39341,62.11,98.3,0.616,12.92,101272.15812,81630.43037,7143.58,
Mauriti,2308104,mauritiense,ISAAC GOMES DA SILVA JUNIOR,1079.011,48370,42.15,98.1,0.605,12.57,88623.54391,87085.54274,8624.33,
Meruoca,2308203,meruoquense,JOSÉ HERTON ALVES DE SOUSA,151.651,15309,91.38,97.8,0.618,20.24,40227.84038,35949.35702,6681.85,
Milagres,2308302,milagrense,CÍCERO ALVES DE FIGUEIREDO,579.097,27413,46.69,96.2,0.628,10.42,62154.81674,53491.71754,7955.64,
Milhã,2308351,milhaense,LUIZ ALAN PINHEIRO MACÊDO,502.137,13129,26.05,97.5,0.626,6.67,35731.74713,31509.00394,9674.79,
Miraíma,2308377,miraimense,ANTONIO EDNARDO BRAGA LIMA FILHO,708.678,13965,18.29,98.6,0.592,14.42,31540.70901,31469.47985,6253.17,
Missão Velha,2308401,missãovelhense,DIEGO GONDIM FEITOSA,613.317,35566,53.08,96.8,0.622,23.53,75644.0299,68822.84345,13585.53,
Mombaça,2308500,mombacense,ORLANDO BENEVIDES CAVALCANTE FILHO,2115.748,43917,20.14,96.4,0.582,1.96,82316.49363,75706.9863,7369.18,
Monsenhor Tabosa,2308609,tabosense,FRANCISCO SALOMÃO DE ARAÚJO SOUSA,892.538,17264,18.85,99.2,0.610,4.07,44058.07424,43438.91752,7436.65,
Morada Nova,2308708,morada-novense,JOSÉ VANDERLEY NOGUEIRA,2763.971,61590,22.33,97.6,0.610,9.1,138124.47818,127183.74765,15430.56,
Moraújo,2308807,moraujense,CARLOS ÁQUILA CUNHA DE QUEIROZ,414.446,8833,19.42,97.4,0.581,7.19,22274.27278,21764.31104,7141.58,
Morrinhos,2308906,morrinhense,JERONIMO NETO BRANDÃO,411.586,22830,49.81,95.1,0.588,21.88,50690.40271,43150.09189,6198.22,
Mucambo,2309003,mucambense,FRANCISCO DAS CHAGAS PARENTE AGUIAR,192.190,14561,73.99,98.6,0.607,12.66,38188.35135,34550.89887,6687.03,
Mulungu,2309102,mulunguense,ROBERT VIANA LEITÃO,97.951,11056,85.35,96.9,0.607,31.5,34670.52113,26115.92919,9079.87,
Nova Olinda,2309201,nova-olindense,ÍTALO BRITO ALENCAR ALVES,282.584,15798,50.13,97.3,0.625,21.98,46687.0978,38351.07058,8311.80,
Nova Russas,2309300,nova-russano,GIORDANNA SILVA BRAGA MANO,736.911,32487,41.69,98,0.614,5.43,61813.47715,57297.44701,8305.82,
Novo Oriente,2309409,novorientense,JESUINO RODRIGUES DE SAMPAIO NETO,947.440,28737,28.92,97.9,0.605,7.92,59518.6181,54123.86991,7018.68,
Ocara,2309458,ocarense,AMALIA LOPES DE SOUSA,763.075,25958,31.36,98.2,0.594,3.5,60494.65773,53834.80254,6918.38,
Orós,2309508,oroense,JOSÉ RUBENS LIMA VERDE,577.526,21342,37.12,97.4,0.636,14.87,49148.46668,46212.7834,8000.89,
Pacajus,2309607,pacajuense,BRUNO PEREIRA FIGUEIREDO,250.304,74145,243.00,98.2,0.659,20.26,130640.47392,115063.05222,16046.29,
Pacatuba,2309706,pacatubano,CARLOMANO GOMES MARQUES,133.236,85647,547.74,94.6,0.675,12.76,155367.73579,143992.76127,14015.57,
Pacoti,2309805,pacotiense,MARCOS VENICIOS NORJOSA GONZAGA,112.433,12313,103.61,96.5,0.635,19.61,33058.44979,30571.83887,8863.39,
Pacujá,2309904,pacujaense,RAIMUNDO RODRIGUES DE SOUSA FILHO,88.355,6565,78.63,98.5,0.621,29.41,25845.9189,19807.39588,7559.43,
Palhano,2310001,palhanense,IVANILDO NUNES DA SILVA,436.980,9458,20.13,98.1,0.638,27.03,23889.59752,21230.16995,8245.56,
Palmácia,2310100,palmaciano,DAVID CAMPOS MARTINS,128.896,13553,101.90,91.7,0.622,-,22.15967,23779.59408,7017.58,
Paracuru,2310209,paracuruense,WEMBLEY GOMES COSTA,304.734,35526,105.35,97.2,0.637,14.85,117339.29868,98096.46918,14316.98,
Paraipaba,2310258,paraipabense,ARIANA CORDEIRO FAÇANHA DE AQUINO,289.231,33232,99.83,97.8,0.634,2.44,8947.8277,65060.16841,11941.70,
Parambu,2310308,parambuense,ROMULO MATEUS NORONHA,2313.868,31391,13.59,96.6,0.570,27.27,68411.84104,65099.22984,6709.78,
Paramoti,2310407,paramotiense,ANTONIA TELVÂNIA FERREIRA BRAZ,539.238,12276,23.43,98.7,0.583,9.17,46031.13183,38441.85235,7997.84,
Pedra Branca,2310506,pedra-branquense,ANTONIO GOIS MONTEIRO MENDES,1302.081,43359,32.14,98.1,0.603,10.33,82925.93161,81111.07524,6723.40,
Penaforte,2310605,penafortense,RAFAEL FERREIRA ANGELO,150.536,9207,57.96,96.7,0.646,23.92,31652.88666,27208.08937,23504.33,
Pentecoste,2310704,pentecostense,JOÃO BOSCO PESSOA TABOSA,1379.836,38045,25.68,97.3,0.629,12.92,82670.47311,77568.30441,10924.95,
Pereiro,2310803,pereirense,RAIMUNDO ESTEVAM NETO,435.868,16356,36.35,97.9,0.601,9.01,39968.77252,33925.60465,18931.91,
Pindoretama,2310852,pindoretamense,JOSÉ MARIA MENDES LEITE,74.033,20964,256.06,97.6,0.636,11.73,54134.13734,50810.22872,11747.62,
Piquet Carneiro,2310902,piquet-carneirense,BISMARCK BARROS BEZERRA,589.601,17210,26.31,96,0.600,18.52,40085.45432,37094.36253,7262.42,
Pires Ferreira,2310951,pires-ferreirense,LÍVIA MARIA MESQUITA MORORO MUNIZ MARQUES,244.464,11052,42.02,96.8,0.591,-,31064.19943,27798.29652,5351.75,
Poranga,2311009,poranguense,CARLOS ANTONIO RODRIGUES PEREIRA,1310.771,12358,9.17,98.8,0.581,18.63,32651.06826,32252.54594,6103.61,
Porteiras,2311108,porteirense,FABIO PINHEIRO CARDOSO,224.860,14920,69.22,97.6,0.622,15.04,42013.5771,37198.78845,9841.90,
Potengi,2311207,potengiense,FRANCISCO EDSON VERIATO DA SILVA,343.264,11165,30.34,92.7,0.562,14.29,31761.26025,28826.42168,7955.50,
Potiretama,2311231,potiretamense,LUAN DANTAS FELIX,409.137,6455,14.93,98,0.604,-,23759.34692,23358.35107,8804.47,
Quiterianópolis,2311264,quiterianopolense,FRANCISCA PRISCILLA DUARTE DE FIGUEIREDO,1041.832,21246,19.14,98.5,0.594,19.23,50000.3633,47607.42957,6913.59,
Quixadá,2311306,quixadaense,RICARDO JOSÉ ARAÚJO SILVEIRA,2020.586,88899,39.91,95.8,0.659,16,176579.49543,166205.08141,11927.82,
Quixelô,2311355,quixeloense,JOSE ADIL VIEIRA JUNIOR,605.345,16116,26.81,97.8,0.591,34.48,1022.69811,37344.88892,7905.03,
Quixeramobim,2311405,quixeramobinense,CIRILO ANTÔNIO PIMENTA LIMA,3324.987,82455,21.95,96.7,0.642,13.81,177264.12065,180081.10224,13420.15,
Quixeré,2311504,quixereense,ANTÔNIO JOAQUIM GONÇALVES DE OLIVEIRA,613.099,22432,31.69,97.5,0.622,4.13,54896.30529,51231.49738,19154.79,
Redenção,2311603,redencionista,DAVID SANTA CRUZ BENEVIDES,247.989,29238,117.24,98.1,0.626,18.92,71514.3984,60338.75437,16423.12,
Reriutaba,2311702,reriutabense,PEDRO HUMBERTO COELHO MARQUES,372.949,18279,50.75,96.7,0.601,12.3,45570.45518,45448.70518,9859.88,
Russas,2311801,russano,SÁVIO GURGEL NOGUEIRA,1611.091,79550,43.91,97.2,0.674,13.66,163456.78801,151799.99666,14304.44,
Saboeiro,2311900,saboeirense,MARCONDES HERBSTER FERRAZ,1381.274,15757,11.39,97.1,0.575,-,38364.08232,33403.24731,8035.33,
Salitre,2311959,salitrense,DORGIVAL PEREIRA FILHO,806.253,16714,19.21,97.3,0.540,22.64,42585.35118,41896.6991,6602.19,
Santana do Acaraú,2312007,santanense-do-acaraú,FRANCISCO DAS CHAGAS MENDES,972.573,32851,30.89,95.4,0.587,13.99,60165.60352,59824.66124,6705.45,
Santana do Cariri,2312106,santanense-do-cariri,SAMUEL CIDADE WERTON,855.165,17726,20.07,97.9,0.612,6.97,57498.64883,50533.47256,6921.76,
Santa Quitéria,2312205,quiteriense,JOSÉ BRAGA BARROZO,4262.298,43719,10.04,97.6,0.616,23.68,87598.63375,80916.4089,10095.69,
São Benedito,2312304,beneditense,SAUL LIMA MACIEL,350.847,48354,130.61,98.1,0.611,15.7,107397.28599,92516.11779,10796.05,
São Gonçalo do Amarante,2312403,gonçalense,MARCELO FERREIRA TELES,842.635,49306,52.60,98.1,0.665,16.06,252306.83358,219614.33442,87086.02,
São João do Jaguaribe,2312502,jaguaribense,RAIMUNDO CESAR MORAIS MAIA,279.451,7557,28.17,99.2,0.654,24.69,21311.30681,18661.53561,11662.20,
São Luís do Curu,2312601,curuense,FRANCISCO CIPRIANO DE ALMEIDA,122.865,13086,100.74,95.4,0.620,5.81,29335.08881,24687.03039,8042.90,
Senador Pompeu,2312700,pompeuense,ANTÔNIO MAURÍCIO PINHEIRO JUCÁ,956.882,25418,26.41,96.4,0.619,21.74,58035.9837,52551.18314,11443.71,
Senador Sá,2312809,senadorsaense,JOSE MARTINS BARROS JUNIOR,424.642,7758,16.16,98.2,0.603,9.26,16444.7424,21791.74248,6992.89,
Sobral,2312908,sobralense,IVO FERREIRA GOMES,2068.474,212437,88.67,97.9,0.714,6.44,620503.26479,574656.93699,23104.70,
Solonópole,2313005,solonopolense,ANA VLADIA NOGUEIRA PINHEIRO JUCÁ,1535.855,18389,11.50,98.6,0.625,23.04,54727.68971,49746.31073,10514.05,
Tabuleiro do Norte,2313104,tabuleirense,RILDSON RABELO VASCONCELOS,849.145,32079,33.89,97.4,0.645,15.46,60758.96795,53068.85358,10276.06,
Tamboril,2313203,tamborilense,LUIZ MARCELO MOTA LEITE,2014.543,26199,12.98,97.1,0.580,11.8,73205.88552,68105.22591,7947.74,
Tarrafas,2313252,tarrafense,TERTULIANO CANDIDO MARTINS DE ARAUJO,412.719,8555,19.61,96.8,0.576,20.2,22118.1679,22655.93516,6788.95,
Tauá,2313302,tauaense,PATRÍCIA PEQUENO COSTA GOMES DE AGUIAR,4010.618,59259,13.87,97.7,0.633,12.94,136028.13652,135713.29548,10253.80,
Tejuçuoca,2313351,tejuçuoquense,JOSE ANTUNIZIO DE BRITO,758.707,19551,22.42,98.3,0.584,31.53,51853.41777,43425.04017,5555.49,
Tianguá,2313401,tianguaense,LUIZ MENEZES DE LIMA,909.853,77111,75.80,98,0.657,11.56,152865.84876,148371.08625,17463.86,
Trairi,2313500,trairiense,CARLOS GUSTAVO MONTEIRO MOREIRA,928.725,56653,55.55,98.1,0.606,12.26,109451.09277,107186.91603,14855.42,
Tururu,2313559,tururuense,FRANCISCA HILZETE MALVEIRA BATISTA,201.270,16588,71.23,96.2,0.606,24.69,38075.48124,31969.73697,6539.47,
Ubajara,2313609,ubajarense,RENÊ DE ALMEIDA VASCONCELOS,423.673,35295,75.50,98.7,0.648,13.42,84777.89878,63907.03794,16719.18,
Umari,2313708,umariense,ALEX SANDRO RUFINO FERREIRA,263.183,7740,28.59,96.5,0.591,-,203.81705,18511.25613,6863.11,
Umirim,2313757,umiriense,FELIPE CARLOS UCHÔA SALES RIBEIRO,315.648,19976,59.35,95.6,0.587,17.73,62155.59944,45115.41853,7754.01,
Uruburetama,2313807,uruburetamense,FRANCISCO ALDIR CHAVES DA SILVA,99.400,22223,203.61,95.9,0.639,28.42,46252.58477,42868.59476,16358.24,
Uruoca,2313906,uruoquense,JAN KENNEDY PAIVA AQUINO,697.683,13988,18.49,97.7,0.566,10.05,36175.66262,34549.30811,12289.43,
Varjota,2313955,varjotense,FRANCISCO ELMO BEZERRA MONTE,179.239,18520,98.07,96.6,0.611,3.66,51275.61286,47814.72672,14244.64,
Várzea Alegre,2314003,varzea-alegrense,JOSÉ HELDER MÁXIMO DE CARVALHO,829.976,41078,45.99,97,0.629,4.02,79368.15813,71300.30285,8756.89,
Viçosa do Ceará,2314102,viçosense,JOSE FIRMINO DE ARRUDA,1310.910,61916,41.90,96.9,0.571,7.1,126024.78879,104188.07011,7202.63,